date,close,cash,long_call,short_call,nav,buy_hold,strategy_return,buy_hold_return
2025-10-03,839.87,57287.0,25700.0,0.0,82987.0,83987.0,-0.011906604593568071,0.0
2025-10-06,845.05,57629.09,26205.0,-420.0,83414.09,84505.0,-0.006821412837701102,0.006167621179468341
2025-10-07,843.63,57634.82,25900.0,-90.0,83444.82,84363.0,-0.006455522878540676,0.004476883327181547
2025-10-08,845.72,57640.56,26100.0,-81.0,83659.56,84572.0,-0.0038986986081179786,0.006965363687237325
2025-10-09,855.35,57646.29,26990.0,-45.0,84591.29,85535.0,0.007195042089847226,0.018431423910843403
2025-10-10,833.49,57652.02,25000.0,0.0,82652.02,83349.0,-0.015895079000321388,-0.007596413730696416
2025-10-13,819.4,57897.22,23700.0,-259.0,81338.22,81940.0,-0.03153797611535114,-0.024372819603033835
2025-10-14,812.35,57902.98,23100.0,-108.0,80894.98,81235.0,-0.03681545953540433,-0.032766975841499235
2025-10-15,826.57,57908.74,24400.0,-191.0,82117.74,82657.0,-0.02225653970257291,-0.015835784109445528
2025-10-16,819.38,57914.5,23700.0,-31.0,81583.5,81938.0,-0.028617524140640782,-0.02439663281222093
2025-10-17,802.83,57920.26,22400.0,0.0,80320.26,80283.0,-0.04365842332741976,-0.04410206341457612
2025-10-20,808.96,58137.54,22800.0,-250.0,80687.54,80896.0,-0.03928536559229412,-0.0368033147987189
2025-10-21,799.57,58143.32,22190.0,-137.0,80196.32,79957.0,-0.045134127900746446,-0.047983616512079275
2025-10-22,812.43,58149.1,23400.0,-140.0,81409.1,81243.0,-0.030694035981759016,-0.03267172300475074
2025-10-23,821.04,58154.89,23955.0,-89.0,82020.89,82104.0,-0.023409694357460098,-0.022420136449688655
2025-10-24,825.45,58160.67,24400.0,0.0,82560.67,82545.0,-0.01698274732994398,-0.01716932382392511
2025-10-27,826.41,58578.02,24235.0,-470.0,82343.02,82641.0,-0.01957421981973395,-0.016026289782942627
2025-10-28,820.1,58583.85,24150.0,-485.0,82248.85,82010.0,-0.02069546477431028,-0.02353935728148404
2025-10-29,813.53,58589.67,23100.0,-290.0,81399.67,81353.0,-0.030806315263076423,-0.031361996499458256
2025-10-30,844.5,58595.5,25900.0,-70.0,84425.5,84450.0,0.005221046114279648,0.005512757926821932
2025-10-31,862.86,58601.33,27700.0,0.0,86301.33,86286.0,0.02755581220903247,0.027373283960612893
2025-11-03,896.53,58958.81,30600.0,-370.0,89188.81,89653.0,0.061935894840868144,0.06746282162715667
2025-11-04,906.86,58964.68,31700.0,-690.0,89974.68,90686.0,0.07129293819281557,0.07976234417231232
2025-11-05,925.81,58970.54,33650.0,-800.0,91820.54,92581.0,0.09327086334789891,0.10232535987712388
2025-11-06,937.44,58976.4,34600.0,-550.0,93026.4,93744.0,0.10762856156309897,0.11617274101944353
2025-11-07,924.37,58982.27,33200.0,0.0,92182.27,92437.0,0.0975778394275304,0.1006108088156501
2025-11-10,966.64,59309.87,37100.0,-380.0,96029.87,96664.0,0.14338969126174272,0.15094002643266213
2025-11-11,988.62,59315.77,39335.0,-660.0,97990.77,98862.0,0.16673735220927055,0.17711074332932486
2025-11-12,1017.78,59321.66,42200.0,-1800.0,99721.66,101778.0,0.18734637503423146,0.21183040232416928
2025-11-13,1022.87,59327.56,42700.0,-1765.0,100262.56,102287.0,0.19378665745889245,0.2178908640622954
2025-11-14,1025.28,57805.46,43000.0,0.0,100805.46,102528.0,0.20025075309274065,0.22076035576934516
2025-11-17,1021.7,58095.71,42700.0,-420.0,100375.71,102170.0,0.19513388976865476,0.2164977913248478
2025-11-18,1030.05,58101.49,43700.0,-390.0,101411.49,103005.0,0.20746651267458072,0.22643980616047732
2025-11-19,1049.6,58107.27,45400.0,-540.0,102967.27,104959.99999999999,0.225990569969162,0.24971721814090264
2025-11-20,1043.29,58113.05,44600.0,-155.0,102558.05,104329.0,0.22111814923738193,0.24220415064236134
2025-11-21,1059.7,58118.83,46100.0,0.0,104218.83,105970.0,0.24089240001428802,0.2617428887804065
2025-11-24,1070.16,58326.17,46800.0,-259.0,104867.17,107016.00000000001,0.2486119280364818,0.2741971971852788
2025-11-25,1109.94,58331.97,50900.0,-1530.0,107701.97,110994.0,0.28236477073832855,0.32156167025849247
2025-11-26,1104.34,58337.77,50600.0,-650.0,108287.77,110433.99999999999,0.2893396597092408,0.3148939716860941
2025-11-28,1075.47,58349.37,47600.0,0.0,105949.37,107547.0,0.26149725552764114,0.2805196042244633
2025-12-01,1057.89,58605.78,45890.0,-300.0,104195.78,105789.00000000001,0.24061795277840625,0.25958779334897075
2025-12-02,1046.12,58611.61,44670.0,-101.0,103180.61,104611.99999999999,0.22853072499315363,0.24557371974234088
2025-12-03,1033.56,58617.44,43440.0,-40.0,102017.44,103356.0,0.21468131972805327,0.23061902437281967
2025-12-04,1014.49,58623.27,41475.0,-5.0,100093.27,101449.0,0.19177098836724737,0.2079131294128853
2025-12-05,1010.31,58629.1,41100.0,0.0,99729.1,101031.0,0.18743496017240768,0.20293616869277398
2025-12-08,997.59,59451.59,39920.0,-960.0,98411.59,99759.0,0.17174788955433584,0.18779096764975534
2025-12-09,982.22,59457.5,38540.0,-465.0,97532.5,98222.0,0.16128091252217613,0.16949051638944113
2025-12-10,993.64,59463.42,39535.0,-555.0,98443.42,99364.0,0.1721268767785491,0.183087858835296
2025-12-11,1009.38,59469.33,41240.0,-785.0,99924.33,100938.0,0.18975948658720987,0.20182885446557197
2025-12-12,1027.51,57724.24,42900.0,0.0,100624.24,102751.0,0.19809303820829416,0.22341552859371094
2025-12-15,1062.19,58591.47,46300.0,-940.0,103951.47,106219.0,0.23770905021015154,0.2647076333242049
2025-12-16,1054.29,58597.29,45525.0,-450.0,103672.29,105429.0,0.23438496433971912,0.2553014156952862
2025-12-17,1041.79,58603.12,44320.0,-130.0,102793.12,104179.0,0.2239170347791919,0.24041815995332616
2025-12-18,1056.88,58608.95,45705.0,-162.0,104151.95,105688.00000000001,0.24009608629906998,0.25838522628502036
2025-12-19,1071.44,58614.78,47025.0,0.0,105639.78,107144.0,0.25781108981151846,0.27572124257325537
2025-12-22,1076.48,58838.27,47430.0,-280.0,105988.27,107648.0,0.261960422446331,0.2817221712884137
2025-12-23,1071.64,58844.12,46935.0,-66.0,105713.12,107164.00000000001,0.2586843201924107,0.275959374665127
2025-12-24,1076.98,58849.97,47550.0,-29.0,106370.97,107698.0,0.26651708002428953,0.2823175015180921
2025-12-26,1077.75,58861.68,47575.0,0.0,106436.68,107775.0,0.2672994630121328,0.2832343100717969
2025-12-29,1078.73,59005.24,47735.0,-213.0,106527.24,107873.0,0.2683777251241264,0.28440115732196647
2025-12-30,1079.75,59011.11,47765.0,-112.0,106664.11,107975.0,0.2700073820948481,0.28561563099051046
2025-12-31,1074.68,59016.97,47255.0,-11.0,106260.97,107468.0,0.26520735351899694,0.27957898246157153
2026-01-02,1080.36,59028.71,47500.0,0.0,106528.71,108035.99999999999,0.26839522783287895,0.2863419338707178
2026-01-05,1041.51,59356.32,43805.0,-315.0,102846.32,104151.0,0.22455046614357,0.24008477502470615
2026-01-06,1064.04,59362.23,45910.0,-470.0,104802.23,106404.0,0.2478387131341755,0.26691035517401507
2026-01-07,1108.09,59368.13,50285.0,-2800.0,106853.13,110808.99999999999,0.2722579684951243,0.31935894840868206
2026-01-08,1085.19,59374.04,48120.0,-1120.0,106374.04,108519.0,0.2665536333003917,0.2920928238894114
2026-01-09,1063.56,59379.94,46030.0,0.0,105409.94,106356.0,0.2550744758117327,0.26633883815352366
2026-01-12,1081.0,59712.66,47785.0,-415.0,107082.66,108100.0,0.2749908914474859,0.28710395656470644
2026-01-13,1077.19,59718.6,47305.0,-200.0,106823.6,107719.0,0.27190636646147626,0.2825675402145571
2026-01-14,1073.29,59724.53,46990.0,-50.0,106664.53,107329.0,0.27001238286877727,0.27792396442306555
2026-01-15,1032.97,59730.47,43035.0,-10.0,102755.47,103297.0,0.2234687511162441,0.22991653470179907
2026-01-16,1038.4,59736.41,43440.0,0.0,103176.41,103840.00000000001,0.22848071725386077,0.2363818209961066
2026-01-20,1041.29,60560.18,43700.0,-980.0,103280.18,104129.0,0.2297162656125351,0.23982282972364777
2026-01-21,1078.52,60566.2,47440.0,-2960.0,105046.2,107852.0,0.2507435674568683,0.28415111862550146
2026-01-22,1087.38,60572.22,48210.0,-3700.0,105082.22,108738.00000000001,0.25117244335432876,0.29470037029540297
2026-01-23,1064.29,59649.25,45980.0,0.0,105629.25,106429.0,0.2576857132651482,0.26720802028885426
2026-01-26,1062.75,60217.04,45790.0,-1115.0,104892.04,106275.0,0.2489080452927237,0.2653744031814447
2026-01-27,1039.51,60223.03,43330.0,-320.0,103233.03,103951.0,0.22915486920594863,0.23770345410599258
2026-01-28,1023.8,60229.02,41910.0,-200.0,101939.02,102380.0,0.2137476037958257,0.2189981782894972
2026-01-29,1024.14,60235.01,42000.0,-108.0,102127.01,102414.00000000001,0.21598592639337033,0.2194030028456786
2026-01-30,1037.15,60241.0,43100.0,0.0,103341.0,103715.00000000001,0.23044042530391606,0.23489349542191063
2026-02-02,1044.13,61983.98,43885.0,-2055.0,103813.98,104413.00000000001,0.23607201114458176,0.24320430542822113
2026-02-03,1003.46,61990.14,39900.0,-1195.0,100695.14,100346.0,0.19893721647397822,0.19478014454617987
2026-02-04,1107.12,61996.31,50000.0,-3530.0,108466.31,110711.99999999999,0.2914654648933763,0.3182040077631061
2026-02-05,1020.84,62002.47,41630.0,-146.0,103486.47,102084.0,0.2321724790741424,0.21547382332980103
2026-02-06,1058.18,62008.64,45195.0,0.0,107203.64,105818.0,0.27643135247121586,0.25993308488218414
2026-02-09,1044.67,62322.14,43985.0,-400.0,105907.14,104467.0,0.2609944396156547,0.24384726207627372
2026-02-10,1025.0,62328.34,42000.0,-157.0,104171.34,102500.0,0.24032695536213944,0.22042697084072538
2026-02-11,1015.21,62334.54,41150.0,-54.0,103430.54,101521.0,0.231506542679224,0.2087704049436223
2026-02-12,1038.27,62340.73,43250.0,-80.0,105510.73,103827.0,0.2562745424887185,0.2362270351363902
2026-02-13,1040.0,62346.93,43550.0,0.0,105896.93,104000.0,0.2608728731827543,0.23828687773107737
2026-02-17,1036.05,63201.74,43110.0,-1130.0,105181.74,103605.0,0.2523573886434807,0.23358376891661803
2026-02-18,1020.56,63208.02,41690.0,-230.0,104668.02,102056.0,0.24624072773167271,0.21514043840118124
2026-02-19,1023.22,63214.31,41700.0,-130.0,104784.31,102322.0,0.2476253467798588,0.2183075952230702
2026-02-20,1009.52,63220.6,40400.0,0.0,103620.6,100952.0,0.23376951194827789,0.20199554692988198
2026-02-23,1058.56,64099.46,45120.0,-1100.0,108119.46,105856.0,0.2873356590900973,0.26038553585673974
2026-02-24,1042.15,64105.83,43670.0,-535.0,107240.83,104215.00000000001,0.2768741590960506,0.24084679771869477
2026-02-25,1028.83,64112.21,42500.0,-140.0,106472.21,102883.0,0.26772250467334247,0.22498720040006193
2026-02-26,1022.02,64118.58,41625.0,-15.0,105728.58,102202.0,0.2588683962994274,0.216878802671842
2026-02-27,1051.99,64124.96,44530.0,0.0,108654.96,105199.0,0.29371164584995313,0.25256289663876563
2026-03-02,1017.97,64435.09,41325.0,-400.0,105360.09,101797.0,0.25448093157274343,0.21205662781144707
2026-03-03,1007.73,64441.5,40330.0,-169.0,104602.5,100773.0,0.2454606069987022,0.1998642647076334
2026-03-04,1003.57,64447.91,39915.0,-35.0,104327.91,100357.0,0.2421911724433543,0.19491111719670906
2026-03-05,983.26,64454.32,38055.0,-5.0,102504.32,98326.0,0.22047840737256963,0.17072880326717232
2026-03-06,990.33,64460.73,38680.0,0.0,103140.73,99033.0,0.22805588960196221,0.17914677271482482
2026-03-09,1008.39,65299.96,40400.0,-1070.0,104629.96,100839.0,0.24578756236084165,0.2006501006108088
2026-03-10,1001.35,65306.46,39600.0,-585.0,104321.46,100135.0,0.242114374843726,0.19226785097693688
2026-03-11,999.84,65312.95,39340.0,-325.0,104327.95,99984.0,0.24219164870753795,0.1904699536833081
2026-03-12,977.25,65319.45,37350.0,-30.0,102639.45,97725.0,0.22208734685129827,0.163572933906438
2026-03-13,985.08,65325.94,38000.0,0.0,103325.94,98508.0,0.230261111838737,0.1728958053032017
2026-03-16,989.12,66185.43,38330.0,-1025.0,103490.43,98912.0,0.23221962922833295,0.17770607355900325
2026-03-17,930.35,66192.02,32950.0,-64.0,99078.02,93035.0,0.17968280805362746,0.10773095836260382
2026-03-18,918.05,66198.6,31520.0,-45.0,97673.6,91805.0,0.16296093443032866,0.09308583471251497
2026-03-19,917.5,66205.18,31700.0,-25.0,97880.18,91750.0,0.16542060080726761,0.09243097145986878
2026-03-20,906.7,66211.77,30550.0,0.0,96761.77,90670.0,0.1521041351637753,0.07957183849881533
2026-03-23,910.55,67046.52,31090.0,-1035.0,97101.52,91055.0,0.15614940407444022,0.08415588126733908
2026-03-24,903.02,67053.19,30125.0,-480.0,96698.19,90302.0,0.1513471132437163,0.07519020800838216
2026-03-25,916.31,67059.86,31300.0,-650.0,97709.86,91631.0,0.1633926679128912,0.0910140855132342
2026-03-26,897.0,67066.53,29755.0,-83.0,96738.53,89700.0,0.15182742567302077,0.06802243204305425
2026-03-27,878.24,67073.2,27920.0,0.0,94993.2,87824.0,0.13104647147772863,0.045685641825520706
2026-03-30,886.63,67883.21,28665.0,-950.0,95598.21,88663.0,0.13825008632288327,0.055675283079524185
2026-03-31,919.77,67889.96,31610.0,-2635.0,96864.96,91977.0,0.15333277769178566,0.09513377070260876
2026-04-01,954.52,67896.71,34915.0,-6000.0,96811.71,95452.0,0.15269875099717822,0.1365092216652577
2026-04-02,935.58,64345.46,33095.0,0.0,97440.46,93558.0,0.16018502863538409,0.11395811256503974
2026-04-06,927.06,65181.06,32115.0,-1030.0,96266.06,92706.0,0.14620191220069767,0.10381368545131986
2026-04-07,931.09,65187.54,32620.0,-1070.0,96737.54,93109.0,0.15181563813447307,0.10861204710252781
2026-04-08,953.3,65194.03,34190.0,-2070.0,97314.03,95330.0,0.1586796766166192,0.13505661590484253
2026-04-09,955.19,65200.51,34845.0,-2030.0,98015.51,95519.0,0.16703192160691538,0.13730696417302668
2026-04-10,939.47,65206.99,32830.0,0.0,98036.99,93947.0,0.16728767547358525,0.1185897817519379
2026-04-13,929.55,65466.45,32140.0,-350.0,97256.45,92955.0,0.1579940943241216,0.10677842999511822
2026-04-14,922.5,65472.96,31670.0,-229.0,96913.96,92250.0,0.15391620131687045,0.09838427375665271
2026-04-15,905.03,65479.47,29795.0,-89.0,95185.47,90503.0,0.1333357543429341,0.07758343553168934
2026-04-16,903.99,65485.98,29440.0,-35.0,94890.98,90399.0,0.12982937835617414,0.07634514865395836
2026-04-17,927.03,65492.5,31520.0,0.0,97012.5,92703.0,0.1550894781335206,0.10377796563753905
2026-04-20,919.9,65751.04,31080.0,-390.0,96441.04,91990.0,0.14828532987248022,0.09528855656232516
2026-04-21,903.02,65757.57,29470.0,-143.0,95084.57,90302.0,0.13213437793944305,0.07519020800838216
2026-04-22,921.48,65764.11,30855.0,-100.0,96519.11,92148.0,0.14921487849310022,0.09716980008810894
2026-04-23,917.65,65770.65,30565.0,-58.0,96277.65,91765.0,0.1463399097479372,0.09260957052877239
2026-04-24,883.96,65777.2,27630.0,0.0,93407.2,88396.0,0.11216259659232963,0.05249621965304163
2026-04-27,868.27,67396.82,26210.0,-1740.0,91866.82,86827.0,0.09382190100848953,0.033814757045733224
2026-04-28,874.0,67403.52,26285.0,-1790.0,91898.52,87400.0,0.09419934037410549,0.04063724147784775
2026-04-29,851.21,67410.23,24485.0,-1225.0,90670.23,85121.0,0.07957457701787174,0.01350208960910626
2026-04-30,934.6,67416.93,32175.0,-4100.0,95491.93,93460.0,0.1369846523866789,0.11279126531487016
2026-05-01,963.33,61090.64,34885.0,0.0,95975.64,96333.0,0.14274399609463373,0.14699894031219118
2026-05-04,967.93,61395.86,35275.0,-385.0,96285.86,96793.0,0.1464376629716504,0.15247597842523253
2026-05-05,988.87,61401.97,37235.0,-690.0,97946.97,98887.0,0.16621584292807223,0.17740840844416406
2026-05-06,987.05,61408.08,37200.0,-495.0,98113.08,98705.0,0.16819364901710987,0.17524140640813468
2026-05-07,974.96,61414.18,35610.0,-60.0,96964.18,97496.0,0.15451415099955934,0.16084632145451083
2026-05-08,948.45,61420.29,33230.0,0.0,94650.29,94845.0,0.1269635776965481,0.12928191267696199
2026-05-11,966.99,61738.62,35020.0,-360.0,96398.62,96699.0,0.14778025170562104,0.15135675759343714
2026-05-12,989.87,61744.76,37460.0,-655.0,98549.76,98987.0,0.17339302511102894,0.17859906890352084
2026-05-13,1015.75,61750.9,40010.0,-1640.0,100120.9,101575.0,0.19209996785216754,0.2094133615916749
2026-05-14,1006.7,61757.04,39100.0,-705.0,100152.04,100670.0,0.19247073951921112,0.19863788443449582
2026-05-15,1004.92,61763.18,38725.0,0.0,100488.18,100492.0,0.1964730255872933,0.19651850881684063
2026-05-18,988.09,61986.61,37020.0,-355.0,98651.61,98809.0,0.17460571278888404,0.17647969328586566
2026-05-19,1021.41,61992.77,40020.0,-1075.0,100937.77,102141.0,0.20182611594651556,0.21615249979163442
2026-05-20,1018.87,61998.94,39865.0,-800.0,101063.94,101887.0,0.2033283722480861,0.21312822222486805
2026-05-21,1041.65,62005.1,42650.0,-1900.0,102755.1,104165.00000000001,0.2234643456725447,0.24025146748901638
2026-05-22,1065.0,58511.27,45035.0,0.0,103546.27,106500.0,0.23288449402883793,0.26805338921499766
2026-05-26,1064.74,58810.55,44920.0,-400.0,103330.55,106474.0,0.23031600128591334,0.26774381749556486
2026-05-27,1082.92,58816.39,46670.0,-615.0,104871.39,108292.0,0.2486621739078667,0.2893900246466714
2026-05-28,1126.8,58822.24,50685.0,-2655.0,106852.24,112680.0,0.27224737161703594,0.34163620560324803
2026-05-29,1105.0,58828.09,48545.0,0.0,107373.09,110500.0,0.27844892661959575,0.3156798075892697
2026-06-01,1082.2,59117.65,46115.0,-450.0,104782.65,108220.0,0.2476055818162335,0.28853274911593463
2026-06-02,1064.15,59123.52,44775.0,-200.0,103698.52,106415.00000000001,0.23469727457820855,0.2670413278245445
2026-06-03,1078.78,59129.4,46165.0,-130.0,105164.4,107878.0,0.252150928119828,0.28446069034493426
2026-06-04,1125.27,59135.29,50575.0,-785.0,108925.29,112527.0,0.29693035826973224,0.33981449510043227
2026-06-05,1131.42,59141.17,51480.0,0.0,110621.17,113142.0,0.31712253086787245,0.3471370569254766
2026-06-08,1149.15,59513.81,52970.0,-505.0,111978.81,114915.00000000001,0.33328741352828417,0.368247466869873
2026-06-09,1144.68,59519.73,52600.0,-293.0,111826.73,114468.0,0.33147665710169427,0.3629252146165478
2026-06-10,1136.37,59525.65,51915.0,-77.0,111363.65,113636.99999999999,0.3259629466465048,0.3530308261992925
2026-06-11,1160.95,59531.57,54205.0,-80.0,113656.57,116095.0,0.353263838451189,0.382297260290283
2026-06-12,1133.0,59537.49,51525.0,0.0,111062.49,113300.0,0.32237715360710584,0.34901830045126037
2026-06-15,1129.35,59802.25,50945.0,-330.0,110417.25,112934.99999999999,0.314694536059152,0.3446723897746078
2026-06-16,1122.5,59808.2,50255.0,-168.0,109895.2,112250.0,0.3084786931310797,0.3365163656280139
2026-06-17,1112.0,59814.15,49345.0,-48.0,109111.15,111200.0,0.2991433197994926,0.32401443080476744
2026-06-18,1098.57,59820.1,48000.0,0.0,107820.1,109857.0,0.2837712979389668,0.3080238608356054
2026-06-22,1102.08,60688.89,48445.0,-1145.0,107988.89,110208.0,0.285781013728315,0.312203079047948
2026-06-23,1107.08,60694.93,48755.0,-1140.0,108309.93,110708.0,0.289603510067034,0.3181563813447319
2026-06-24,1117.26,60700.97,49495.0,-1050.0,109145.97,111726.0,0.29955790777144076,0.33027730482098416
2026-06-25,1127.69,60707.0,50600.0,-1375.0,109932.0,112769.0,0.3089168561801232,0.3426958934120756
2026-06-26,1208.12,52401.04,58760.0,0.0,111161.04,120811.99999999999,0.3235505494898019,0.43846071415814336
2026-06-29,1229.93,52667.67,60540.0,-425.0,112782.67,122993.0,0.34285865669686966,0.4644290187767155
2026-06-30,1199.43,52672.91,58145.0,-75.0,110742.91,119943.0,0.3185720409110935,0.4281138747663329
2026-07-01,1191.74,52678.15,56765.0,-30.0,109413.15,119174.0,0.30273911438675016,0.418957695833879
2026-07-02,1213.91,52683.39,58790.0,0.0,111473.39,121391.00000000001,0.32726957743460305,0.4453546382178195
2026-07-06,1200.06,52986.35,58095.0,-600.0,110481.35,120006.0,0.3154577494135997,0.4288639908557277
2026-07-07,1235.56,52991.62,61140.0,-990.0,113141.62,123556.0,0.34713253241573105,0.4711324371628942
2026-07-08,1215.83,52996.89,59210.0,-270.0,111936.89,121583.0,0.3327882886637217,0.4476407062997845
2026-07-09,1216.95,53002.16,59110.0,-112.0,112000.16,121695.0,0.33354161953635675,0.44897424601426406
2026-07-10,1188.58,53007.43,56440.0,0.0,109447.43,118858.0,0.30314727279221776,0.41519520878231164
2026-07-13,1181.87,53358.24,55960.0,-485.0,108833.24,118186.99999999999,0.2958343553168943,0.4072058771000273
2026-07-14,1152.54,53363.55,53235.0,-176.0,106422.55,115254.0,0.26713122268922573,0.3722838058270923
2026-07-15,1156.63,53368.86,53205.0,-121.0,106452.86,115663.00000000001,0.2674921118744569,0.3771536071058619
2026-07-16,1169.17,53374.17,54715.0,-100.0,107989.17,116917.0,0.2857843475776012,0.3920844892661959
2026-07-17,1179.11,53379.47,55575.0,0.0,108954.47,117910.99999999999,0.2972777929917725,0.40391965423220233
2026-07-20,1146.9,53656.4,52175.0,-470.0,105361.4,114690.00000000001,0.25449652922476096,0.36556848083632
2026-07-21,1175.41,53661.74,54980.0,-965.0,107676.74,117541.00000000001,0.28206436710443294,0.3995142105325826
2026-07-22,1163.01,53667.07,53965.0,-480.0,107152.07,116301.0,0.2758173288723256,0.38475002083655796
2026-07-23,1185.87,53672.41,56055.0,-975.0,108752.41,118586.99999999999,0.29487194446759624,0.41196851893745445
2026-07-24,1196.03,53324.75,57025.0,0.0,110349.75,119603.0,0.3138908402490861,0.42406562920451973
2026-07-27,1197.53,53615.66,57595.0,-460.0,110750.66,119753.0,0.31866431709669363,0.4258516198935549
2026-07-28,1220.66,53620.99,59490.0,-800.0,112310.99,122066.00000000001,0.3372425494421756,0.45339159631847803
2026-07-29,1210.02,53626.32,58565.0,-340.0,111851.32,121002.0,0.3317694405086502,0.44072296903092156
2026-07-30,1154.97,53631.66,52945.0,-40.0,106536.66,115497.0,0.26848988533939777,0.37517711074332927
2026-07-31,1148.84,53636.99,52200.0,0.0,105836.99,114883.99999999999,0.260159191303416,0.36787836212747194
2026-08-03,1121.36,55592.99,49460.0,-2500.0,102552.99,112135.99999999999,0.22105790181813867,0.3351590127043469
2026-08-04,1115.68,55598.52,49000.0,-2400.0,102198.52,111568.0,0.21683736768785655,0.3283960612952004
2026-08-05,1169.86,55604.05,54340.0,-2400.0,107544.05,116985.99999999999,0.2804844797409123,0.39290604498315207
2026-08-06,1191.94,55609.58,56470.0,-3380.0,108699.58,119194.0,0.294242918546918,0.4191958279257504
2026-08-07,1185.71,53544.11,55800.0,0.0,109344.11,118571.0,0.3019170824056103,0.41177801326395747
2026-08-10,1231.94,53890.09,60375.0,-405.0,113860.09,123194.0,0.3556870706180717,0.46682224630002267
2026-08-11,1215.02,53895.45,58600.0,-143.0,112352.45,121502.0,0.3377361972686248,0.4466762713277055
2026-08-12,1220.28,53900.81,59200.0,-67.0,113033.81,122028.0,0.34584888137449843,0.4529391453439222
2026-08-13,1209.0,53906.17,58025.0,-27.0,111904.17,120900.0,0.3323987045614203,0.43950849536237757
2026-08-14,1180.16,53911.53,55420.0,0.0,109331.53,118016.00000000001,0.3017672973198233,0.40516984771452735
2026-08-17,1183.16,54622.61,55800.0,-1120.0,109302.61,118316.00000000001,0.30142295831497723,0.40874182909259793
2026-08-18,1225.73,54628.05,60000.0,-3500.0,111128.05,122573.0,0.3231577506042602,0.45942824484741696
2026-08-19,1280.34,54633.48,65400.0,-8190.0,111843.48,128033.99999999999,0.33167609272863663,0.5244502125328918
2026-08-20,1244.4,54638.91,61825.0,-4800.0,111663.91,124440.00000000001,0.32953802374176955,0.4816578756236085
2026-08-21,1255.4,49354.35,62870.0,0.0,112224.35,125540.00000000001,0.3362109612201889,0.49475514067653337
2026-08-24,1246.93,49631.07,62485.0,-455.0,111661.07,124693.0,0.329504208984724,0.48467024658578106
2026-08-25,1233.66,49636.01,60665.0,-221.0,110080.01,123366.00000000001,0.3106791527260171,0.46887018229011646
2026-08-26,1189.41,49640.94,56540.0,-26.0,106154.94,118941.00000000001,0.263944896233941,0.41618345696357784
2026-08-27,1176.1,49645.88,54800.0,-14.0,104431.88,117609.99999999999,0.24342910212294755,0.40033576624953837
2026-08-28,1174.61,49650.82,54600.0,0.0,104250.82,117460.99999999999,0.2412732922952363,0.3985616821650968
2026-08-31,1156.73,50390.63,53265.0,-1190.0,102465.63,115673.0,0.22001774084084458,0.37727267315179724
2026-09-01,1160.0,50395.64,53345.0,-1000.0,102740.64,116000.0,0.22329217617012165,0.381166132853894
2026-09-02,1160.08,50400.65,53200.0,-785.0,102815.65,116008.0,0.22418529058068493,0.3812613856906426
2026-09-03,1159.6,50405.67,53360.0,-310.0,103455.67,115959.99999999999,0.23180575565266048,0.3806898686701512
2026-09-04,1149.36,50410.68,52000.0,0.0,102410.68,114935.99999999999,0.21936347291842773,0.36849750556633754
2026-09-08,1123.91,51140.73,49405.0,-900.0,99645.73,112391.00000000001,0.18644230654744187,0.3381951968757071
2026-09-09,1124.21,51145.82,49940.0,-685.0,100400.82,112421.0,0.1954328646099992,0.3385523950135141
2026-09-10,1123.0,51150.91,49845.0,-405.0,100590.91,112300.0,0.1976961910771906,0.3371116958576923
2026-09-11,1115.7,51155.99,49135.0,0.0,100290.99,111570.0,0.19412516222748755,0.3284198745043876
2026-09-14,1138.28,51966.26,51160.0,-1135.0,101991.26,113828.0,0.2143696048197934,0.3553049876766643
2026-09-15,1136.11,51971.42,50770.0,-925.0,101816.42,113610.99999999999,0.21228785407265405,0.3527212544798599
2026-09-16,1137.82,51976.59,51095.0,-815.0,102256.59,113782.0,0.21752878421660493,0.3547572838653601
2026-09-17,1152.44,51981.76,52380.0,-940.0,103421.76,115244.0,0.2314020026908925,0.3721647397811567
2026-09-18,1152.93,105279.93,0.0,0.0,105279.93,115293.0,0.2535264981485228,0.3727481634062415
2026-09-21,1164.89,67681.34,37055.0,-1185.0,103551.34,116489.00000000001,0.2329448605141271,0.38698846250014896
2026-09-22,1170.14,67688.07,37800.0,-1280.0,104208.07,117014.00000000001,0.24076428494886115,0.3932394299117723
2026-09-23,1150.99,67694.81,36200.0,-445.0,103449.81,115099.0,0.2317359829497423,0.37043828211508933
2026-09-24,1181.89,67701.54,39200.0,-1565.0,105336.54,118189.00000000001,0.25420053103456475,0.40722969030921474
2026-09-25,1183.46,67362.27,38800.0,0.0,106162.27,118346.0,0.26403217164561177,0.4090990272304047
2026-09-28,1184.78,67682.37,38800.0,-475.0,106007.37,118478.0,0.26218783859406813,0.4106706990367557
2026-09-29,1184.63,67689.1,38600.0,-270.0,106019.1,118463.00000000001,0.26232750306595065,0.4104920999678523
2026-09-30,1157.08,67695.83,36400.0,-80.0,104015.83,115708.0,0.23847535928179364,0.37768940431257225
2026-10-01,1149.85,67702.56,35640.0,-6.0,103336.56,114984.99999999999,0.23038755997952065,0.3690809291914223
2026-10-02,1142.85,67709.3,34950.0,0.0,102659.3,114284.99999999999,0.22232369295248078,0.3607463059759246
