week_of,expiry,trend,target_delta,floor,spot_entry,strike,delta,premium,floor_binding,outcome,assignment_cost,spot_expiry,cash,long_call,nav
2025-10-06,2025-10-10,up,0.15,0.0,845.05,895.0,0.156,325.0,False,EXPIRED,0.0,833.49,57652.02,25000.0,82652.02
2025-10-13,2025-10-17,up,0.15,0.0,819.4,855.0,0.1473,227.99999999999997,False,EXPIRED,0.0,802.83,57920.26,22400.0,80320.26
2025-10-20,2025-10-24,up,0.15,0.0,808.96,840.0,0.1517,200.0,False,EXPIRED,0.0,825.45,58160.67,24400.0,82560.67
2025-10-27,2025-10-31,up,0.15,0.0,826.41,895.0,0.1447,400.0,False,EXPIRED,0.0,862.86,58601.33,27700.0,86301.33
2025-11-03,2025-11-07,up,0.15,0.0,896.53,950.0,0.1463,340.0,False,EXPIRED,0.0,924.37,58982.27,33200.0,92182.27
2025-11-10,2025-11-14,up,0.15,0.0,966.64,1010.0,0.1592,310.0,False,ASSIGNED,1528.0,1025.28,57805.46,43000.0,100805.46
2025-11-17,2025-11-21,up,0.15,0.0,1021.7,1075.0,0.1439,273.0,False,EXPIRED,0.0,1059.7,58118.83,46100.0,104218.83
2025-11-24,2025-11-28,up,0.15,0.0,1070.16,1105.0,0.1417,190.0,False,EXPIRED,0.0,1075.47,58349.37,47600.0,105949.37
2025-12-01,2025-12-05,up,0.15,0.0,1057.89,1100.0,0.1417,239.0,False,EXPIRED,0.0,1010.31,58629.1,41100.0,99729.1
2025-12-08,2025-12-12,down,0.35,0.0,997.59,1010.0,0.3733,805.0000000000001,False,ASSIGNED,1751.0,1027.51,57724.24,42900.0,100624.24
2025-12-15,2025-12-19,down,0.35,0.0,1062.19,1080.0,0.3408,850.0,False,EXPIRED,0.0,1071.44,58614.78,47025.0,105639.78
2025-12-22,2025-12-26,up,0.15,0.0,1076.48,1110.0,0.151,206.0,False,EXPIRED,0.0,1077.75,58861.68,47575.0,106436.68
2025-12-29,2026-01-02,up,0.15,0.0,1078.73,1110.0,0.13,126.0,False,EXPIRED,0.0,1080.36,59028.71,47500.0,106528.71
2026-01-05,2026-01-09,up,0.15,0.0,1041.51,1085.0,0.1511,310.0,False,EXPIRED,0.0,1063.56,59379.94,46030.0,105409.94
2026-01-12,2026-01-16,up,0.15,0.0,1081.0,1130.0,0.1545,315.0,False,EXPIRED,0.0,1038.4,59736.41,43440.0,103176.41
2026-01-20,2026-01-23,down,0.35,0.0,1041.29,1055.0,0.3641,800.0,False,ASSIGNED,929.0,1064.29,59649.25,45980.0,105629.25
2026-01-26,2026-01-30,down,0.35,0.0,1062.75,1077.5,0.3516,550.0,False,EXPIRED,0.0,1037.15,60241.0,43100.0,103341.0
2026-02-02,2026-02-06,down,0.35,0.0,1044.13,1080.0,0.3517,1725.0,False,EXPIRED,0.0,1058.18,62008.64,45195.0,107203.64
2026-02-09,2026-02-13,up,0.15,0.0,1044.67,1095.0,0.1476,295.0,False,EXPIRED,0.0,1040.0,62346.93,43550.0,105896.93
2026-02-17,2026-02-20,down,0.35,0.0,1036.05,1050.0,0.3716,830.0000000000001,False,EXPIRED,0.0,1009.52,63220.6,40400.0,103620.6
2026-02-23,2026-02-27,down,0.35,0.0,1058.56,1075.0,0.3573,860.0,False,EXPIRED,0.0,1051.99,64124.96,44530.0,108654.96
2026-03-02,2026-03-06,up,0.15,0.0,1017.97,1070.0,0.1455,291.0,False,EXPIRED,0.0,990.33,64460.73,38680.0,103140.73
2026-03-09,2026-03-13,down,0.35,0.0,1008.39,1025.0,0.3531,819.9999999999999,False,EXPIRED,0.0,985.08,65325.94,38000.0,103325.94
2026-03-16,2026-03-20,down,0.35,0.0,989.12,1005.0,0.356,840.0,False,EXPIRED,0.0,906.7,66211.77,30550.0,96761.77
2026-03-23,2026-03-27,down,0.35,0.0,910.55,925.0,0.3643,815.0,False,EXPIRED,0.0,878.24,67073.2,27920.0,94993.2
2026-03-30,2026-04-02,down,0.35,0.0,886.63,900.0,0.365,790.0,False,ASSIGNED,3558.0,935.58,64345.46,33095.0,97440.46
2026-04-06,2026-04-10,down,0.35,0.0,927.06,940.0,0.3735,810.0,False,EXPIRED,0.0,939.47,65206.99,32830.0,98036.99
2026-04-13,2026-04-17,up,0.15,0.0,929.55,965.0,0.1633,240.0,False,EXPIRED,0.0,927.03,65492.5,31520.0,97012.5
2026-04-20,2026-04-24,up,0.15,0.0,919.9,962.5,0.1538,239.0,False,EXPIRED,0.0,883.96,65777.2,27630.0,93407.2
2026-04-27,2026-05-01,down,0.35,0.0,868.27,900.0,0.3525,1600.0,False,ASSIGNED,6333.0,963.33,61090.64,34885.0,95975.64
2026-05-04,2026-05-08,up,0.15,0.0,967.93,1010.0,0.1602,287.0,False,EXPIRED,0.0,948.45,61420.29,33230.0,94650.29
2026-05-11,2026-05-15,up,0.15,0.0,966.99,1010.0,0.156,300.0,False,EXPIRED,0.0,1004.92,61763.18,38725.0,100488.18
2026-05-18,2026-05-22,up,0.15,0.0,988.09,1030.0,0.1492,204.99999999999997,False,ASSIGNED,3500.0,1065.0,58511.27,45035.0,103546.27
2026-05-26,2026-05-29,up,0.15,0.0,1064.74,1105.0,0.1638,276.0,False,EXPIRED,0.0,1105.0,58828.09,48545.0,107373.09
2026-06-01,2026-06-05,up,0.15,0.0,1082.2,1140.0,0.1408,272.0,False,EXPIRED,0.0,1131.42,59141.17,51480.0,110621.17
2026-06-08,2026-06-12,up,0.15,0.0,1149.15,1210.0,0.1507,355.0,False,EXPIRED,0.0,1133.0,59537.49,51525.0,111062.49
2026-06-15,2026-06-18,up,0.15,0.0,1129.35,1175.0,0.1426,247.00000000000003,False,EXPIRED,0.0,1098.57,59820.1,48000.0,107820.1
2026-06-22,2026-06-26,down,0.35,0.0,1102.08,1125.0,0.334,844.9999999999999,False,ASSIGNED,8312.0,1208.12,52401.04,58760.0,111161.04
2026-06-29,2026-07-02,up,0.15,0.0,1229.93,1280.0,0.1457,250.99999999999997,False,EXPIRED,0.0,1213.91,52683.39,58790.0,111473.39
2026-07-06,2026-07-10,up,0.15,0.0,1200.06,1260.0,0.1537,282.0,False,EXPIRED,0.0,1188.58,53007.43,56440.0,109447.43
2026-07-13,2026-07-17,up,0.15,0.0,1181.87,1235.0,0.1574,335.0,False,EXPIRED,0.0,1179.11,53379.47,55575.0,108954.47
2026-07-20,2026-07-24,up,0.15,0.0,1146.9,1192.5,0.1602,261.0,False,ASSIGNED,353.0,1196.03,53324.75,57025.0,110349.75
2026-07-27,2026-07-31,up,0.15,0.0,1197.53,1245.0,0.1578,275.0,False,EXPIRED,0.0,1148.84,53636.99,52200.0,105836.99
2026-08-03,2026-08-07,down,0.35,0.0,1121.36,1165.0,0.3498,1939.9999999999998,False,ASSIGNED,2071.0,1185.71,53544.11,55800.0,109344.11
2026-08-10,2026-08-14,up,0.15,0.0,1231.94,1280.0,0.1536,330.0,False,EXPIRED,0.0,1180.16,53911.53,55420.0,109331.53
2026-08-17,2026-08-21,down,0.35,0.0,1183.16,1202.5,0.3444,695.0,False,ASSIGNED,5290.0,1255.4,49354.35,62870.0,112224.35
2026-08-24,2026-08-28,up,0.15,0.0,1246.93,1295.0,0.1556,262.0,False,EXPIRED,0.0,1174.61,49650.82,54600.0,104250.82
2026-08-31,2026-09-04,down,0.35,0.0,1156.73,1177.5,0.3483,725.0,False,EXPIRED,0.0,1149.36,50410.68,52000.0,102410.68
2026-09-08,2026-09-11,down,0.35,0.0,1123.91,1140.0,0.3373,710.0,False,EXPIRED,0.0,1115.7,51155.99,49135.0,100290.99
2026-09-14,2026-09-18,down,0.35,0.0,1138.28,1155.0,0.354,795.0,False,EXPIRED,0.0,1152.93,105279.93,0.0,105279.93
2026-09-21,2026-09-25,down,0.35,0.0,1164.89,1180.0,0.3695,875.0,False,ASSIGNED,346.0,1183.46,67362.27,38800.0,106162.27
2026-09-28,2026-10-02,up,0.15,0.0,1184.78,1235.0,0.1572,300.0,False,EXPIRED,0.0,1142.85,67709.3,34950.0,102659.3
